dataset_slug,dataset_name,metric_key,metric_name,unit,item_key,item_name,value
world-mountains-earth,世界の山（地球・Wikidata）,height_m,標高,m,Q7696249,Telegraph Peak,8989
world-mountains-earth,世界の山（地球・Wikidata）,height_m,標高,m,Q5694932,Heavens Peak,8987
world-mountains-earth,世界の山（地球・Wikidata）,height_m,標高,m,Q8529786,Mount Isto,8976
world-mountains-earth,世界の山（地球・Wikidata）,height_m,標高,m,Q3322057,Mount Redoubt,8969
world-mountains-earth,世界の山（地球・Wikidata）,height_m,標高,m,Q8524176,Salinas Peak,8967
world-mountains-earth,世界の山（地球・Wikidata）,height_m,標高,m,Q8051769,イエロー・マウンテン,8966
world-mountains-earth,世界の山（地球・Wikidata）,height_m,標高,m,Q39050236,Elkhorn Peak,8963
world-mountains-earth,世界の山（地球・Wikidata）,height_m,標高,m,Q7303931,Red Cones,8960
world-mountains-earth,世界の山（地球・Wikidata）,height_m,標高,m,Q3344122,North Gardner Mountain,8956
world-mountains-earth,世界の山（地球・Wikidata）,height_m,標高,m,Q48774810,Tin Mountain,8953
world-mountains-earth,世界の山（地球・Wikidata）,height_m,標高,m,Q6919979,Mount Cannon,8952
world-mountains-earth,世界の山（地球・Wikidata）,height_m,標高,m,Q22546474,Mount Marriott,8937
world-mountains-earth,世界の山（地球・Wikidata）,height_m,標高,m,Q7516231,Silver Peak,8934
world-mountains-earth,世界の山（地球・Wikidata）,height_m,標高,m,Q1548991,Tharsis Tholus,8930
world-mountains-earth,世界の山（地球・Wikidata）,height_m,標高,m,Q7966765,Walton Mountain,8926
world-mountains-earth,世界の山（地球・Wikidata）,height_m,標高,m,Q4733927,Almost-a-Dog Mountain,8922
world-mountains-earth,世界の山（地球・Wikidata）,height_m,標高,m,Q7071858,オリアリー・ピーク,8919
world-mountains-earth,世界の山（地球・Wikidata）,height_m,標高,m,Q23016756,Mount Hubley,8917
world-mountains-earth,世界の山（地球・Wikidata）,height_m,標高,m,Q5189233,Crowfeet Mountain,8914
world-mountains-earth,世界の山（地球・Wikidata）,height_m,標高,m,Q6673793,Longfellow Peak,8904
world-mountains-earth,世界の山（地球・Wikidata）,height_m,標高,m,Q5332740,Echo Peak,8899
world-mountains-earth,世界の山（地球・Wikidata）,height_m,標高,m,Q4948023,Boston Peak,8894
world-mountains-earth,世界の山（地球・Wikidata）,height_m,標高,m,Q7458180,Seward Mountain,8894
world-mountains-earth,世界の山（地球・Wikidata）,height_m,標高,m,Q7994511,White Calf Mountain,8893
world-mountains-earth,世界の山（地球・Wikidata）,height_m,標高,m,Q6920334,Mount Custer,8883
world-mountains-earth,世界の山（地球・Wikidata）,height_m,標高,m,Q8532711,Norris Mountain,8882
world-mountains-earth,世界の山（地球・Wikidata）,height_m,標高,m,Q7304090,Red Eagle Mountain,8881
world-mountains-earth,世界の山（地球・Wikidata）,height_m,標高,m,Q49052946,Mount Hay,8881
world-mountains-earth,世界の山（地球・Wikidata）,height_m,標高,m,Q7535205,Skillern Peak,8878
world-mountains-earth,世界の山（地球・Wikidata）,height_m,標高,m,Q7697644,Tells Peak,8876
world-mountains-earth,世界の山（地球・Wikidata）,height_m,標高,m,Q5354112,Eldorado Peak,8868
world-mountains-earth,世界の山（地球・Wikidata）,height_m,標高,m,Q5593133,Graham Peak,8867
world-mountains-earth,世界の山（地球・Wikidata）,height_m,標高,m,Q5192310,Cucamonga Peak,8862
world-mountains-earth,世界の山（地球・Wikidata）,height_m,標高,m,Q6836215,Miche Wabun Peak,8861
world-mountains-earth,世界の山（地球・Wikidata）,height_m,標高,m,Q6922174,Mount Michelson,8852
world-mountains-earth,世界の山（地球・Wikidata）,height_m,標高,m,Q6924314,Mount Vaught,8850
world-mountains-earth,世界の山（地球・Wikidata）,height_m,標高,m,Q21839555,Dorian Montes,8850
world-mountains-earth,世界の山（地球・Wikidata）,height_m,標高,m,Q513,エベレスト,8849
world-mountains-earth,世界の山（地球・Wikidata）,height_m,標高,m,Q6922761,Mount Pinos,8847
world-mountains-earth,世界の山（地球・Wikidata）,height_m,標高,m,Q8532688,Mount Henry (Montana),8847
world-mountains-earth,世界の山（地球・Wikidata）,height_m,標高,m,Q7675648,Tahquitz Peak,8846
world-mountains-earth,世界の山（地球・Wikidata）,height_m,標高,m,Q6791991,Maturango Peak,8843
world-mountains-earth,世界の山（地球・Wikidata）,height_m,標高,m,Q28604457,Mount Helen,8842
world-mountains-earth,世界の山（地球・Wikidata）,height_m,標高,m,Q8532693,Mount Kipp,8839
world-mountains-earth,世界の山（地球・Wikidata）,height_m,標高,m,Q6841637,Middle Triple Peak,8835
world-mountains-earth,世界の山（地球・Wikidata）,height_m,標高,m,Q4873175,Battlement Mountain,8832
world-mountains-earth,世界の山（地球・Wikidata）,height_m,標高,m,Q8536113,Menefee Mountain,8832
world-mountains-earth,世界の山（地球・Wikidata）,height_m,標高,m,Q4876496,Bear Mountain,8829
world-mountains-earth,世界の山（地球・Wikidata）,height_m,標高,m,Q7679830,Talking Mountain,8828
world-mountains-earth,世界の山（地球・Wikidata）,height_m,標高,m,Q5575312,Goat Mountain,8826
world-mountains-earth,世界の山（地球・Wikidata）,height_m,標高,m,Q6386216,Kelly Mountain,8826
world-mountains-earth,世界の山（地球・Wikidata）,height_m,標高,m,Q7428664,Sawmill Mountain,8822
world-mountains-earth,世界の山（地球・Wikidata）,height_m,標高,m,Q49066854,Rattlesnake Mountain,8819
world-mountains-earth,世界の山（地球・Wikidata）,height_m,標高,m,Q7292778,Ranger Peak,8817
world-mountains-earth,世界の山（地球・Wikidata）,height_m,標高,m,Q5116563,Church Butte,8816
world-mountains-earth,世界の山（地球・Wikidata）,height_m,標高,m,Q5467369,Forbidden Peak,8815
world-mountains-earth,世界の山（地球・Wikidata）,height_m,標高,m,Q7799096,Thunderbird Mountain,8800
world-mountains-earth,世界の山（地球・Wikidata）,height_m,標高,m,Q3375694,Tohil Mons,8800
world-mountains-earth,世界の山（地球・Wikidata）,height_m,標高,m,Q6445450,Kupunkamint Mountain,8797
world-mountains-earth,世界の山（地球・Wikidata）,height_m,標高,m,Q7620137,Storm King Mountain,8797
world-mountains-earth,世界の山（地球・Wikidata）,height_m,標高,m,Q14713819,Mesahchie Peak,8795
world-mountains-earth,世界の山（地球・Wikidata）,height_m,標高,m,Q7578650,Split Mountain,8792
world-mountains-earth,世界の山（地球・Wikidata）,height_m,標高,m,Q6922258,モーガン山,8781
world-mountains-earth,世界の山（地球・Wikidata）,height_m,標高,m,Q7582038,Square Peak,8777
world-mountains-earth,世界の山（地球・Wikidata）,height_m,標高,m,Q4929491,ブルーマウンテン (カリフォルニア州の山),8772
world-mountains-earth,世界の山（地球・Wikidata）,height_m,標高,m,Q6921154,Mount Henkel,8770
world-mountains-earth,世界の山（地球・Wikidata）,height_m,標高,m,Q7637843,Summit Mountain,8770
world-mountains-earth,世界の山（地球・Wikidata）,height_m,標高,m,Q5131516,Clements Mountain,8760
world-mountains-earth,世界の山（地球・Wikidata）,height_m,標高,m,Q4997321,Bumpass Mountain,8757
world-mountains-earth,世界の山（地球・Wikidata）,height_m,標高,m,Q5510054,Fusillade Mountain,8750
world-mountains-earth,世界の山（地球・Wikidata）,height_m,標高,m,Q7317627,Reuter Peak,8750
world-mountains-earth,世界の山（地球・Wikidata）,height_m,標高,m,Q4695077,Ahern Peak,8749
world-mountains-earth,世界の山（地球・Wikidata）,height_m,標高,m,Q3026098,Diamond Peak,8748
world-mountains-earth,世界の山（地球・Wikidata）,height_m,標高,m,Q3140792,Horse Ranch Mountain,8743
world-mountains-earth,世界の山（地球・Wikidata）,height_m,標高,m,Q5680804,Hat Mountain,8741
world-mountains-earth,世界の山（地球・Wikidata）,height_m,標高,m,Q8529328,Snowshoe Peak,8738
world-mountains-earth,世界の山（地球・Wikidata）,height_m,標高,m,Q16895181,Miller Mountain,8736
world-mountains-earth,世界の山（地球・Wikidata）,height_m,標高,m,Q28056287,Elk Mountain,8727
world-mountains-earth,世界の山（地球・Wikidata）,height_m,標高,m,Q14685116,Tanks Peak,8726
world-mountains-earth,世界の山（地球・Wikidata）,height_m,標高,m,Q5325196,Eagle Plume Mountain,8724
world-mountains-earth,世界の山（地球・Wikidata）,height_m,標高,m,Q7511378,Sierra Grande,8723
world-mountains-earth,世界の山（地球・Wikidata）,height_m,標高,m,Q7826170,トロ山,8717
world-mountains-earth,世界の山（地球・Wikidata）,height_m,標高,m,Q54874300,B-7 Pillar,8716
world-mountains-earth,世界の山（地球・Wikidata）,height_m,標高,m,Q5135736,Cloudcroft Peaks,8710
world-mountains-earth,世界の山（地球・Wikidata）,height_m,標高,m,Q6730348,Maggies Peak,8703
world-mountains-earth,世界の山（地球・Wikidata）,height_m,標高,m,Q8526207,Mount Michelson (Chugach Mountains),8701
world-mountains-earth,世界の山（地球・Wikidata）,height_m,標高,m,Q7094870,Ontario Peak,8696
world-mountains-earth,世界の山（地球・Wikidata）,height_m,標高,m,Q22556335,Mount Turner,8694
world-mountains-earth,世界の山（地球・Wikidata）,height_m,標高,m,Q4748391,Amphitheater Mountain,8690
world-mountains-earth,世界の山（地球・Wikidata）,height_m,標高,m,Q56278756,Mount Ruth,8690
world-mountains-earth,世界の山（地球・Wikidata）,height_m,標高,m,Q49089621,Whiterocks,8685
world-mountains-earth,世界の山（地球・Wikidata）,height_m,標高,m,Q4876729,Bearhat Mountain,8684
world-mountains-earth,世界の山（地球・Wikidata）,height_m,標高,m,Q49025953,Dry Mountain,8678
world-mountains-earth,世界の山（地球・Wikidata）,height_m,標高,m,Q8532609,Mahtotopa Mountain,8672
world-mountains-earth,世界の山（地球・Wikidata）,height_m,標高,m,Q39070607,Fortress Mountain,8671
world-mountains-earth,世界の山（地球・Wikidata）,height_m,標高,m,Q48773762,Mica Mountain,8668
world-mountains-earth,世界の山（地球・Wikidata）,height_m,標高,m,Q5284003,Divide Mountain,8665
world-mountains-earth,世界の山（地球・Wikidata）,height_m,標高,m,Q28604355,Loomis Peak,8658
world-mountains-earth,世界の山（地球・Wikidata）,height_m,標高,m,Q4807833,Aspen Mountain,8657
world-mountains-earth,世界の山（地球・Wikidata）,height_m,標高,m,Q7168497,Peril Peak,8651
world-mountains-earth,世界の山（地球・Wikidata）,height_m,標高,m,Q5575277,Goat Haunt Mountain,8641
world-mountains-earth,世界の山（地球・Wikidata）,height_m,標高,m,Q6920468,Mount Doody,8640
world-mountains-earth,世界の山（地球・Wikidata）,height_m,標高,m,Q7258454,Pueblo Mountain,8639
world-mountains-earth,世界の山（地球・Wikidata）,height_m,標高,m,Q16849682,Bush Mountain,8631
world-mountains-earth,世界の山（地球・Wikidata）,height_m,標高,m,Q6923001,"Mount Pluto, California",8617
world-mountains-earth,世界の山（地球・Wikidata）,height_m,標高,m,Q49039760,Jessen Butte,8613
world-mountains-earth,世界の山（地球・Wikidata）,height_m,標高,m,Q43512,K2,8611
world-mountains-earth,世界の山（地球・Wikidata）,height_m,標高,m,Q6806698,Medicine Butte,8610
world-mountains-earth,世界の山（地球・Wikidata）,height_m,標高,m,Q6649806,Little Dog Mountain,8610
world-mountains-earth,世界の山（地球・Wikidata）,height_m,標高,m,Q14713610,Clark Mountain,8602
world-mountains-earth,世界の山（地球・Wikidata）,height_m,標高,m,Q21839568,Mongibello Mons,8600
world-mountains-earth,世界の山（地球・Wikidata）,height_m,標高,m,Q4763852,Angora Peak,8588
world-mountains-earth,世界の山（地球・Wikidata）,height_m,標高,m,Q82019,カンチェンジュンガ,8586
world-mountains-earth,世界の山（地球・Wikidata）,height_m,標高,m,Q5611337,Grouse Mountain,8586
world-mountains-earth,世界の山（地球・Wikidata）,height_m,標高,m,Q5267436,Devils Paw,8584
world-mountains-earth,世界の山（地球・Wikidata）,height_m,標高,m,Q8533591,Mount Despair (Montana),8582
world-mountains-earth,世界の山（地球・Wikidata）,height_m,標高,m,Q7494776,Sherburne Peak,8578
world-mountains-earth,世界の山（地球・Wikidata）,height_m,標高,m,Q8530490,Trischman Knob,8573
world-mountains-earth,世界の山（地球・Wikidata）,height_m,標高,m,Q38251289,Dusty Star Mountain,8573
world-mountains-earth,世界の山（地球・Wikidata）,height_m,標高,m,Q49049173,Mellor Mountain,8570
world-mountains-earth,世界の山（地球・Wikidata）,height_m,標高,m,Q7299652,Razoredge Mountain,8569
world-mountains-earth,世界の山（地球・Wikidata）,height_m,標高,m,Q6667382,Logging Mountain,8566
world-mountains-earth,世界の山（地球・Wikidata）,height_m,標高,m,Q4997905,Bunsen Peak,8564
world-mountains-earth,世界の山（地球・Wikidata）,height_m,標高,m,Q48773879,Jabal 'Okran,8558
world-mountains-earth,世界の山（地球・Wikidata）,height_m,標高,m,Q49049526,Mesa Prieta,8554
world-mountains-earth,世界の山（地球・Wikidata）,height_m,標高,m,Q49086998,Veteado Mountain,8550
world-mountains-earth,世界の山（地球・Wikidata）,height_m,標高,m,Q6430815,Kootenai Peak,8542
world-mountains-earth,世界の山（地球・Wikidata）,height_m,標高,m,Q6921136,Mount Helen,8538
world-mountains-earth,世界の山（地球・Wikidata）,height_m,標高,m,Q49066847,Rattlesnake Mountain,8537
world-mountains-earth,世界の山（地球・Wikidata）,height_m,標高,m,Q49054569,Mount Shouplina,8531
world-mountains-earth,世界の山（地球・Wikidata）,height_m,標高,m,Q7492414,Sheep Mountain,8530
world-mountains-earth,世界の山（地球・Wikidata）,height_m,標高,m,Q4949586,Boulder Peak,8527
world-mountains-earth,世界の山（地球・Wikidata）,height_m,標高,m,Q6924103,Mount Thompson,8527
world-mountains-earth,世界の山（地球・Wikidata）,height_m,標高,m,Q7928902,Vigil Peak,8527
world-mountains-earth,世界の山（地球・Wikidata）,height_m,標高,m,Q49176282,Enchantment Peak,8520
world-mountains-earth,世界の山（地球・Wikidata）,height_m,標高,m,Q7235114,Potosi Mountain,8517
world-mountains-earth,世界の山（地球・Wikidata）,height_m,標高,m,Q168702,ローツェ,8516
world-mountains-earth,世界の山（地球・Wikidata）,height_m,標高,m,Q14679952,Augustin Peak,8514
world-mountains-earth,世界の山（地球・Wikidata）,height_m,標高,m,Q7243709,Primus Peak,8508
world-mountains-earth,世界の山（地球・Wikidata）,height_m,標高,m,Q5301699,Douglas Knob,8507
world-mountains-earth,世界の山（地球・Wikidata）,height_m,標高,m,Q14713833,Mox Peaks,8504
world-mountains-earth,世界の山（地球・Wikidata）,height_m,標高,m,Q6671496,Lone Walker Mountain,8502
world-mountains-earth,世界の山（地球・Wikidata）,height_m,標高,m,Q1054706,Ceraunius Tholus,8500
world-mountains-earth,世界の山（地球・Wikidata）,height_m,標高,m,Q3322181,Mount Watkins,8497
world-mountains-earth,世界の山（地球・Wikidata）,height_m,標高,m,Q7149598,Paul Bunyans Cabin,8490
world-mountains-earth,世界の山（地球・Wikidata）,height_m,標高,m,Q169986,マカルー,8485
world-mountains-earth,世界の山（地球・Wikidata）,height_m,標高,m,Q6420007,Klawatti Peak,8485
world-mountains-earth,世界の山（地球・Wikidata）,height_m,標高,m,Q49068579,Rincon Peak,8482
world-mountains-earth,世界の山（地球・Wikidata）,height_m,標高,m,Q4958351,Brave Dog Mountain,8468
world-mountains-earth,世界の山（地球・Wikidata）,height_m,標高,m,Q4876523,Bear Peak,8459
world-mountains-earth,世界の山（地球・Wikidata）,height_m,標高,m,Q4789668,Argonaut Peak,8457
world-mountains-earth,世界の山（地球・Wikidata）,height_m,標高,m,Q7114739,Owens Peak,8452
world-mountains-earth,世界の山（地球・Wikidata）,height_m,標高,m,Q22072663,Crane Mountain,8451
world-mountains-earth,世界の山（地球・Wikidata）,height_m,標高,m,Q49084458,Tower Mountain,8444
world-mountains-earth,世界の山（地球・Wikidata）,height_m,標高,m,Q7808351,Tinkham Mountain,8442
world-mountains-earth,世界の山（地球・Wikidata）,height_m,標高,m,Q49044499,Little Annapurna,8440
world-mountains-earth,世界の山（地球・Wikidata）,height_m,標高,m,Q7656112,Swiftcurrent Mountain,8436
world-mountains-earth,世界の山（地球・Wikidata）,height_m,標高,m,Q104875173,Point Lookout,8428
world-mountains-earth,世界の山（地球・Wikidata）,height_m,標高,m,Q7959746,Wahcheechee Mountain,8418
world-mountains-earth,世界の山（地球・Wikidata）,height_m,標高,m,Q39046442,Hualapai Peak,8417
world-mountains-earth,世界の山（地球・Wikidata）,height_m,標高,m,Q8533557,McPartland Mountain,8413
world-mountains-earth,世界の山（地球・Wikidata）,height_m,標高,m,Q8537371,Griffin Butte,8411
world-mountains-earth,世界の山（地球・Wikidata）,height_m,標高,m,Q4876733,Bearhead Mountain,8406
world-mountains-earth,世界の山（地球・Wikidata）,height_m,標高,m,Q3784533,Eagle Butte,8405
world-mountains-earth,世界の山（地球・Wikidata）,height_m,標高,m,Q8040179,Wynn Mountain,8404
world-mountains-earth,世界の山（地球・Wikidata）,height_m,標高,m,Q5922338,Howlock Mountain,8401
world-mountains-earth,世界の山（地球・Wikidata）,height_m,標高,m,Q49009399,Azurite Peak,8400
world-mountains-earth,世界の山（地球・Wikidata）,height_m,標高,m,Q8537913,Mount Dall,8399
world-mountains-earth,世界の山（地球・Wikidata）,height_m,標高,m,Q7261437,Purple Mountain,8392
world-mountains-earth,世界の山（地球・Wikidata）,height_m,標高,m,Q11237699,ローツェ・シャール峰,8383
world-mountains-earth,世界の山（地球・Wikidata）,height_m,標高,m,Q7575025,Specimen Ridge,8379
world-mountains-earth,世界の山（地球・Wikidata）,height_m,標高,m,Q28457417,Mount Livermore,8378
world-mountains-earth,世界の山（地球・Wikidata）,height_m,標高,m,Q6921417,Mount Ingalls,8376
world-mountains-earth,世界の山（地球・Wikidata）,height_m,標高,m,Q6920874,Mount Geduhn,8375
world-mountains-earth,世界の山（地球・Wikidata）,height_m,標高,m,Q55584622,Corry Point,8373
world-mountains-earth,世界の山（地球・Wikidata）,height_m,標高,m,Q49032226,Golden Horn,8366
world-mountains-earth,世界の山（地球・Wikidata）,height_m,標高,m,Q49048625,McClellan Peak,8364
world-mountains-earth,世界の山（地球・Wikidata）,height_m,標高,m,Q4905804,Big Hatchet Peak,8359
world-mountains-earth,世界の山（地球・Wikidata）,height_m,標高,m,Q5328356,East Flattop Mountain,8356
world-mountains-earth,世界の山（地球・Wikidata）,height_m,標高,m,Q14713898,Snowfield Peak,8351
world-mountains-earth,世界の山（地球・Wikidata）,height_m,標高,m,Q4840375,Bad Marriage Mountain,8350
world-mountains-earth,世界の山（地球・Wikidata）,height_m,標高,m,Q8532726,Sarcee Mountain,8350
world-mountains-earth,世界の山（地球・Wikidata）,height_m,標高,m,Q5354108,Eldorado Mountain,8344
world-mountains-earth,世界の山（地球・Wikidata）,height_m,標高,m,Q6726076,Mad Wolf Mountain,8341
world-mountains-earth,世界の山（地球・Wikidata）,height_m,標高,m,Q14713588,Austera Peak,8339
world-mountains-earth,世界の山（地球・Wikidata）,height_m,標高,m,Q6841502,Middle Mountain,8337
world-mountains-earth,世界の山（地球・Wikidata）,height_m,標高,m,Q14713622,Cosho Peak,8332
world-mountains-earth,世界の山（地球・Wikidata）,height_m,標高,m,Q5460338,Flora Mountain,8325
world-mountains-earth,世界の山（地球・Wikidata）,height_m,標高,m,Q8527583,Mount Ireland,8325
world-mountains-earth,世界の山（地球・Wikidata）,height_m,標高,m,Q18681606,Snowbank Mountain,8320
world-mountains-earth,世界の山（地球・Wikidata）,height_m,標高,m,Q6806703,Medicine Grizzly Peak,8315
world-mountains-earth,世界の山（地球・Wikidata）,height_m,標高,m,Q6703581,Luna Peak,8311
world-mountains-earth,世界の山（地球・Wikidata）,height_m,標高,m,Q25208594,Timber Mountain,8307
world-mountains-earth,世界の山（地球・Wikidata）,height_m,標高,m,Q49866694,Bryce Point,8304
world-mountains-earth,世界の山（地球・Wikidata）,height_m,標高,m,Q49080381,Swamp Canyon Butte,8287
world-mountains-earth,世界の山（地球・Wikidata）,height_m,標高,m,Q6800360,McClintock Peak,8285
world-mountains-earth,世界の山（地球・Wikidata）,height_m,標高,m,Q14713855,Nooksack Tower,8285
world-mountains-earth,世界の山（地球・Wikidata）,height_m,標高,m,Q6806743,Medicine Owl Peak,8284
world-mountains-earth,世界の山（地球・Wikidata）,height_m,標高,m,Q19873735,Booker Mountain,8284
world-mountains-earth,世界の山（地球・Wikidata）,height_m,標高,m,Q12763846,Cerro Nicholson,8282
world-mountains-earth,世界の山（地球・Wikidata）,height_m,標高,m,Q28873560,Big Kangaroo,8280
world-mountains-earth,世界の山（地球・Wikidata）,height_m,標高,m,Q8532736,Sinopah Mountain,8271
world-mountains-earth,世界の山（地球・Wikidata）,height_m,標高,m,Q7158489,Peavine Peak,8269
world-mountains-earth,世界の山（地球・Wikidata）,height_m,標高,m,Q5035281,Caper Peak,8268
world-mountains-earth,世界の山（地球・Wikidata）,height_m,標高,m,Q8523893,Lost Corner Mountain,8265
world-mountains-earth,世界の山（地球・Wikidata）,height_m,標高,m,Q7577805,Spire Point,8264
world-mountains-earth,世界の山（地球・Wikidata）,height_m,標高,m,Q6921341,Mount Howard,8261
world-mountains-earth,世界の山（地球・Wikidata）,height_m,標高,m,Q7753361,The Needles,8258
world-mountains-earth,世界の山（地球・Wikidata）,height_m,標高,m,Q5028125,Campbell Mountain,8245
world-mountains-earth,世界の山（地球・Wikidata）,height_m,標高,m,Q5523094,Garfield Peak,8244
world-mountains-earth,世界の山（地球・Wikidata）,height_m,標高,m,Q8530306,Mount Haynes,8235
world-mountains-earth,世界の山（地球・Wikidata）,height_m,標高,m,Q6921474,Mount Jackson,8231
world-mountains-earth,世界の山（地球・Wikidata）,height_m,標高,m,Q7406557,Salvage Mountain,8225
world-mountains-earth,世界の山（地球・Wikidata）,height_m,標高,m,Q65054728,Inspiration Point,8222
world-mountains-earth,世界の山（地球・Wikidata）,height_m,標高,m,Q14713829,Mount Challenger,8207
world-mountains-earth,世界の山（地球・Wikidata）,height_m,標高,m,Q49051784,Mount Abbe,8200
world-mountains-earth,世界の山（地球・Wikidata）,height_m,標高,m,Q7382104,Russian Peak,8199
world-mountains-earth,世界の山（地球・Wikidata）,height_m,標高,m,Q8537757,Gunsight Peak,8198
world-mountains-earth,世界の山（地球・Wikidata）,height_m,標高,m,Q170089,チョ・オユー,8188
world-mountains-earth,世界の山（地球・Wikidata）,height_m,標高,m,Q3105821,Gilbert Peak,8184
world-mountains-earth,世界の山（地球・Wikidata）,height_m,標高,m,Q6922471,オバーリン山,8180
world-mountains-earth,世界の山（地球・Wikidata）,height_m,標高,m,Q8030229,Wolftail Mountain,8176
world-mountains-earth,世界の山（地球・Wikidata）,height_m,標高,m,Q49049963,Middle Mountain,8176
world-mountains-earth,世界の山（地球・Wikidata）,height_m,標高,m,Q5172715,Corral Ridge,8174
world-mountains-earth,世界の山（地球・Wikidata）,height_m,標高,m,Q22415356,Mount Barnard,8173
world-mountains-earth,世界の山（地球・Wikidata）,height_m,標高,m,Q8532706,Nahsukin Mountain,8172
world-mountains-earth,世界の山（地球・Wikidata）,height_m,標高,m,Q165440,ダウラギリ,8167
world-mountains-earth,世界の山（地球・Wikidata）,height_m,標高,m,Q4750695,Anaconda Peak,8166
world-mountains-earth,世界の山（地球・Wikidata）,height_m,標高,m,Q4781091,Appistoki Peak,8164
world-mountains-earth,世界の山（地球・Wikidata）,height_m,標高,m,Q170070,マナスル,8163
world-mountains-earth,世界の山（地球・Wikidata）,height_m,標高,m,Q1201788,マザマ山,8159
world-mountains-earth,世界の山（地球・Wikidata）,height_m,標高,m,Q7263273,Pyramid Peak,8159
world-mountains-earth,世界の山（地球・Wikidata）,height_m,標高,m,Q14713679,Horsemans Pack,8156
world-mountains-earth,世界の山（地球・Wikidata）,height_m,標高,m,Q7339876,Roaring Mountain,8152
world-mountains-earth,世界の山（地球・Wikidata）,height_m,標高,m,Q6924090,テラー山 (北アメリカ大陸),8151
world-mountains-earth,世界の山（地球・Wikidata）,height_m,標高,m,Q14684535,グリーンマウンテン,8148
world-mountains-earth,世界の山（地球・Wikidata）,height_m,標高,m,Q5160458,Conger Mountain,8144
world-mountains-earth,世界の山（地球・Wikidata）,height_m,標高,m,Q5325213,Eagle Ribs Mountain,8140
world-mountains-earth,世界の山（地球・Wikidata）,height_m,標高,m,Q49071445,Sardine Peak,8133
world-mountains-earth,世界の山（地球・Wikidata）,height_m,標高,m,Q49022840,Crater Mountain,8132
world-mountains-earth,世界の山（地球・Wikidata）,height_m,標高,m,Q1858241,Casper Mountain,8130
world-mountains-earth,世界の山（地球・Wikidata）,height_m,標高,m,Q14713627,Crooked Thumb Peak,8129
world-mountains-earth,世界の山（地球・Wikidata）,height_m,標高,m,Q130736,ナンガ・パルバット,8126
world-mountains-earth,世界の山（地球・Wikidata）,height_m,標高,m,Q5692037,ハートマウンテン,8123
world-mountains-earth,世界の山（地球・Wikidata）,height_m,標高,m,Q4693089,Agnes Mountain,8119
world-mountains-earth,世界の山（地球・Wikidata）,height_m,標高,m,Q6922392,Mount Nesselrode,8117
world-mountains-earth,世界の山（地球・Wikidata）,height_m,標高,m,Q28604195,Mount Conard,8117
world-mountains-earth,世界の山（地球・Wikidata）,height_m,標高,m,Q7305919,Redhorn Peak,8113
world-mountains-earth,世界の山（地球・Wikidata）,height_m,標高,m,Q20871398,Crystal Peak,8107
world-mountains-earth,世界の山（地球・Wikidata）,height_m,標高,m,Q955807,Isanotski Peaks,8106
world-mountains-earth,世界の山（地球・Wikidata）,height_m,標高,m,Q5194883,Curly Bear Mountain,8099
world-mountains-earth,世界の山（地球・Wikidata）,height_m,標高,m,Q6921851,リン山,8098
world-mountains-earth,世界の山（地球・Wikidata）,height_m,標高,m,Q4976230,Brown Peak,8095
world-mountains-earth,世界の山（地球・Wikidata）,height_m,標高,m,Q5595904,Granite Peak,8094
world-mountains-earth,世界の山（地球・Wikidata）,height_m,標高,m,Q16466024,アンナプルナI峰,8091
world-mountains-earth,世界の山（地球・Wikidata）,height_m,標高,m,Q39074795,Vinegar Hill,8084
world-mountains-earth,世界の山（地球・Wikidata）,height_m,標高,m,Q187138,ガッシャーブルムI峰,8080
world-mountains-earth,世界の山（地球・Wikidata）,height_m,標高,m,Q49022207,Corteo Peak,8080
world-mountains-earth,世界の山（地球・Wikidata）,height_m,標高,m,Q49052914,Mount Hardy,8080
world-mountains-earth,世界の山（地球・Wikidata）,height_m,標高,m,Q49014601,Boat Mesa,8074
world-mountains-earth,世界の山（地球・Wikidata）,height_m,標高,m,Q3141668,Hozomeen Mountain,8071
world-mountains-earth,世界の山（地球・Wikidata）,height_m,標高,m,Q5350921,El Capitan,8064
world-mountains-earth,世界の山（地球・Wikidata）,height_m,標高,m,Q6921409,Mount Ina Coolbrith,8064
world-mountains-earth,世界の山（地球・Wikidata）,height_m,標高,m,Q180996,ブロード・ピーク,8051
world-mountains-earth,世界の山（地球・Wikidata）,height_m,標高,m,Q49014482,Blue Mountain Plateau,8048
world-mountains-earth,世界の山（地球・Wikidata）,height_m,標高,m,Q8554430,サンセット・クレーター,8042
world-mountains-earth,世界の山（地球・Wikidata）,height_m,標高,m,Q49082179,The Blues,8042
world-mountains-earth,世界の山（地球・Wikidata）,height_m,標高,m,Q5125039,Clagett Butte,8041
world-mountains-earth,世界の山（地球・Wikidata）,height_m,標高,m,Q7974334,Waterman Mountain,8041
world-mountains-earth,世界の山（地球・Wikidata）,height_m,標高,m,Q39050234,Gearhart Mountain,8041
world-mountains-earth,世界の山（地球・Wikidata）,height_m,標高,m,Q7161387,Pelican Butte,8037
world-mountains-earth,世界の山（地球・Wikidata）,height_m,標高,m,Q186853,ガッシャーブルムII峰,8034
world-mountains-earth,世界の山（地球・Wikidata）,height_m,標高,m,Q105124,シシャパンマ,8027
world-mountains-earth,世界の山（地球・Wikidata）,height_m,標高,m,Q49044071,Lewis Peak,8025
world-mountains-earth,世界の山（地球・Wikidata）,height_m,標高,m,Q49031381,Gibert Mountain,8023
world-mountains-earth,世界の山（地球・Wikidata）,height_m,標高,m,Q7461593,Shaheeya Peak,8022
world-mountains-earth,世界の山（地球・Wikidata）,height_m,標高,m,Q4921463,Black Pine Cone,8020
world-mountains-earth,世界の山（地球・Wikidata）,height_m,標高,m,Q29633993,ドナー峰,8019
world-mountains-earth,世界の山（地球・Wikidata）,height_m,標高,m,Q39074796,Lookout Mountain,8018
world-mountains-earth,世界の山（地球・Wikidata）,height_m,標高,m,Q5494100,Frazier Mountain,8017
world-mountains-earth,世界の山（地球・Wikidata）,height_m,標高,m,Q49035801,Heavy Runner Mountain,8016
world-mountains-earth,世界の山（地球・Wikidata）,height_m,標高,m,Q14684992,Mount McConnel,8012
world-mountains-earth,世界の山（地球・Wikidata）,height_m,標高,m,Q48780363,Warner Peak,8012
world-mountains-earth,世界の山（地球・Wikidata）,height_m,標高,m,Q5299682,Double Crater,8007
world-mountains-earth,世界の山（地球・Wikidata）,height_m,標高,m,Q4866805,Bashful Peak,8005
world-mountains-earth,世界の山（地球・Wikidata）,height_m,標高,m,Q14713812,McMillan Spire,8004
world-mountains-earth,世界の山（地球・Wikidata）,height_m,標高,m,Q7703183,Terrace Mountain,8002
world-mountains-earth,世界の山（地球・Wikidata）,height_m,標高,m,Q49036843,Holliway Mountain,8000
world-mountains-earth,世界の山（地球・Wikidata）,height_m,標高,m,Q1478283,マアト山,8000
world-mountains-earth,世界の山（地球・Wikidata）,height_m,標高,m,Q3498546,American Border Peak,7998
world-mountains-earth,世界の山（地球・Wikidata）,height_m,標高,m,Q1938063,Double Mountain,7993
world-mountains-earth,世界の山（地球・Wikidata）,height_m,標高,m,Q14704530,Ch-paa-qn Peak,7989
world-mountains-earth,世界の山（地球・Wikidata）,height_m,標高,m,Q6924259,Mount Union,7988
world-mountains-earth,世界の山（地球・Wikidata）,height_m,標高,m,Q21010068,Garfield Peak,7976
world-mountains-earth,世界の山（地球・Wikidata）,height_m,標高,m,Q49089101,Whistler Mountain,7976
world-mountains-earth,世界の山（地球・Wikidata）,height_m,標高,m,Q7304636,レッドマウンテン (アリゾナ州),7968
world-mountains-earth,世界の山（地球・Wikidata）,height_m,標高,m,Q28604453,Diamond Peak,7968
world-mountains-earth,世界の山（地球・Wikidata）,height_m,標高,m,Q29641975,Graybeard Peak,7965
